{
  "attributes": {
    "attack_range": 2,
    "category": "soul_knife",
    "attacks": [
      {
        "hitbox": "FORWARD_BOX",
        "damage_multiplier": 1,
        "angle": 0,
        "upswing": 0.5,
        "animation": "malfu_combat_animation:trident_lr_stab",
        "swing_sound": {
          "id": "simplyswords:dark_sword_breaks",
          "pitch": 1.2,
          "volume": 0.4
        }
      },
      {
        "hitbox": "FORWARD_BOX",
        "damage_multiplier": 1.0,
        "angle": 0,
        "upswing": 0.5,
        "animation": "malfu_combat_animation:dagger_rl_stab",
        "swing_sound": {
          "id": "simplyswords:dark_sword_breaks",
          "pitch": 1.175,
          "volume": 0.4
        }
      },
      {
        "hitbox": "FORWARD_BOX",
        "damage_multiplier": 1.0,
        "angle": 0,
        "upswing": 0.5,
        "animation": "malfu_combat_animation:dagger_lr_stab",
        "swing_sound": {
          "id": "simplyswords:dark_sword_breaks",
          "pitch": 1.15,
          "volume": 0.4
        }
      },
      {
        "hitbox": "FORWARD_BOX",
        "damage_multiplier": 1,
        "angle": 0,
        "upswing": 0.5,
        "animation": "malfu_combat_animation:trident_rl_stab",
        "swing_sound": {
          "id": "simplyswords:dark_sword_breaks",
          "pitch": 1.125,
          "volume": 0.4
        }
      }
    ]
  }
}