{
  "attributes": {
    "attack_range": 4,
    "two_handed": true,
    "pose": "simplymore:earthshatter_held",
    "category": "claymore",
    "attacks": [
      {
        "hitbox": "HORIZONTAL_PLANE",
        "angle": 200,
        "upswing": 0.5,
        "animation": "malfu_combat_animation:greatsword_rl",
        "swing_sound": {
          "id": "simplyswords:elemental_sword_earth_attack_01"
        }
      },
      {
        "hitbox": "HORIZONTAL_PLANE",
        "angle": 200,
        "upswing": 0.5,
        "animation": "malfu_combat_animation:greatsword_lr",
        "swing_sound": {
          "id": "simplyswords:elemental_sword_earth_attack_01"
        }
      },
      {
        "hitbox": "VERTICAL_PLANE",
        "damage_multiplier": 1.0,
        "angle": 120,
        "upswing": 0.5,
        "animation": "malfu_combat_animation:greathammer_slam_lr",
        "swing_sound": {
          "id": "simplyswords:elemental_sword_earth_attack_02",
          "randomness": 0
        }
      },
      {
        "hitbox": "VERTICAL_PLANE",
        "damage_multiplier": 1.0,
        "angle": 120,
        "upswing": 0.5,
        "animation": "malfu_combat_animation:greathammer_slam_rl",
        "swing_sound": {
          "id": "simplyswords:elemental_sword_earth_attack_02",
          "randomness": 0
        }
      }
    ]
  }
}