{
  "attributes": {
    "attack_range": 4.5,
    "pose": "malfu_combat_animation:pose_greatsword",
    "two_handed": true,
    "category": "greatsword",
    "attacks": [
      {
        "hitbox": "HORIZONTAL_PLANE",
        "angle": 200,
        "upswing": 0.5,
        "animation": "malfu_combat_animation:greatsword_rl",
        "swing_sound": {
          "id": "simplyswords:elemental_sword_earth_attack_01",
          "volume": 0.3,
          "pitch": 1.2
        }
      },
      {
        "hitbox": "HORIZONTAL_PLANE",
        "angle": 200,
        "upswing": 0.5,
        "animation": "malfu_combat_animation:greatsword_lr",
        "swing_sound": {
          "id": "simplyswords:elemental_sword_earth_attack_02",
          "volume": 0.4,
          "pitch": 1
        }
      }
    ]
  }
}