{
  "parent": "simplymore:template_great_spear",
  "attributes": {
    "attack_range": 3.5,
    "pose": "bettercombat:pose_two_handed_katana",
    "attacks": [
      {
        "hitbox": "HORIZONTAL_PLANE",
        "damage_multiplier": 1.0,
        "angle": 150,
        "upswing": 0.5,
        "animation": "malfu_combat_animation:claymore_hori_rl",
        "swing_sound": {
          "id": "simplyswords:elemental_sword_holy_attack_01",
          "volume": 0.5,
          "pitch": 1
        }
      },
      {
        "hitbox": "HORIZONTAL_PLANE",
        "damage_multiplier": 1.0,
        "angle": 150,
        "upswing": 0.5,
        "animation": "malfu_combat_animation:claymore_hori_lr",
        "swing_sound": {
          "id": "simplyswords:elemental_sword_holy_attack_01",
          "volume": 0.55,
          "pitch": 1
        }
      },
      {
        "hitbox": "HORIZONTAL_PLANE",
        "damage_multiplier": 1.0,
        "angle": 180,
        "upswing": 0.5,
        "animation": "malfu_combat_animation:claymore_rotate_rl",
        "swing_sound": {
          "id": "simplyswords:elemental_sword_holy_attack_01",
          "volume": 0.6,
          "pitch": 1
        }
      },
      {
        "hitbox": "HORIZONTAL_PLANE",
        "damage_multiplier": 1.0,
        "angle": 180,
        "upswing": 0.5,
        "animation": "malfu_combat_animation:claymore_rotate_rl",
        "swing_sound": {
          "id": "simplyswords:elemental_sword_holy_attack_01",
          "volume": 0.65,
          "pitch": 1
        }
      }
    ]
  }
}