{
  "attributes": {
    "attack_range": 3.5,
    "two_handed": true,
    "category": "katana",
    "attacks": [
      {
        "hitbox": "HORIZONTAL_PLANE",
        "damage_multiplier": 1.0,
        "angle": 90,
        "upswing": 0.5,
        "animation": "malfu_combat_animation:katana_updown_slash_rl",
        "swing_sound": {
          "id": "bettercombat:katana_slash",
          "pitch": 0.6
        }
      },
      {
        "hitbox": "HORIZONTAL_PLANE",
        "damage_multiplier": 1.0,
        "angle": 90,
        "upswing": 0.5,
        "animation": "malfu_combat_animation:katana_updown_slash_lr",
        "swing_sound": {
          "id": "bettercombat:katana_slash",
          "pitch": 0.5
        }
      },
      {
        "hitbox": "VERTICAL_PLANE",
        "damage_multiplier": 1.1,
        "angle": 120,
        "upswing": 0.5,
        "animation": "malfu_combat_animation:katana_updown_slash_kendo",
        "swing_sound": {
          "id": "bettercombat:katana_slash",
          "pitch": 0.55
        }
      },
      {
        "hitbox": "VERTICAL_PLANE",
        "damage_multiplier": 1.1,
        "angle": 120,
        "upswing": 0.5,
        "animation": "malfu_combat_animation:katana_updown_slash_kendo",
        "swing_sound": {
          "id": "bettercombat:katana_slash",
          "pitch": 0.58
        }
      }
    ]
  }
}