{
  "parent": "bettercombat:spear",
  "attributes": {
    "pose": "simplymore:quarterstaff_held",
    "attack_range": 3,
    "two_handed": false,
    "category": "quarterstaff",
    "attacks": [
      {
        "hitbox": "FORWARD_BOX",
        "damage_multiplier": 1.0,
        "angle": 0,
        "upswing": 0.5,
        "animation": "bettercombat:one_handed_stab",
        "swing_sound": {
          "id": "bettercombat:spear_stab"
        }
      },
      {
        "hitbox": "HORIZONTAL_PLANE",
        "damage_multiplier": 1,
        "angle": 120,
        "upswing": 0.5,
        "animation": "bettercombat:one_handed_slash_horizontal_right",
        "swing_sound": {
          "id": "bettercombat:sword_slash"
        }
      },
      {
        "hitbox": "FORWARD_BOX",
        "damage_multiplier": 1.0,
        "angle": 0,
        "upswing": 0.5,
        "animation": "bettercombat:one_handed_stab",
        "swing_sound": {
          "id": "bettercombat:spear_stab"
        }
      },
      {
        "hitbox": "HORIZONTAL_PLANE",
        "damage_multiplier": 1,
        "angle": 120,
        "upswing": 0.5,
        "animation": "simplymore:one_handed_spin_slash_left",
        "swing_sound": {
          "id": "bettercombat:sword_slash"
        }
      }
    ]
  }
}