{
  "parent": "bettercombat:anchor",
  "attributes": {
    "two_handed": true,
    "attacks": [
      {
        "hitbox": "HORIZONTAL_PLANE",
        "angle": 200,
        "upswing": 0.5,
        "animation": "malfu_combat_animation:greatsword_rl",
        "swing_sound": {
          "id": "bettercombat:axe_slash",
          "pitch": 0.25
        }
      },
      {
        "hitbox": "HORIZONTAL_PLANE",
        "angle": 200,
        "upswing": 0.5,
        "animation": "malfu_combat_animation:greatsword_lr",
        "swing_sound": {
          "id": "bettercombat:axe_slash",
          "pitch": 0.2
        }
      },
      {
        "hitbox": "FORWARD_BOX",
        "damage_multiplier": 1,
        "angle": 0,
        "upswing": 0.5,
        "animation": "bettercombat:two_handed_slam_heavy",
        "swing_sound": {
          "id": "bettercombat:anchor_slam"
        }
      }
    ]
  }
}