{
  "parent": "bettercombat:hammer",
  "attributes": {
    "attack_range": 2.85,
    "two_handed": true,
    "attacks": [
      {
        "hitbox": "FORWARD_BOX",
        "damage_multiplier": 1.1,
        "angle": 0,
        "upswing": 0.5,
        "animation": "malfu_combat_animation:meat_shredder_lr",
        "swing_sound": {
          "id": "cataclysm:shredder_start",
          "pitch" : 1.1
        }
      },
      {
        "hitbox": "FORWARD_BOX",
        "damage_multiplier": 1.1,
        "angle": 0,
        "upswing": 0.5,
        "animation": "malfu_combat_animation:meat_shredder_rl",
        "swing_sound": {
          "id": "cataclysm:shredder_start",
          "pitch" : 1.0
        }
      }
    ]
  }
}