{
  "parent": "bettercombat:claw",
  "attributes": {
    "attacks": [
      {
        "hitbox": "VERTICAL_PLANE",
        "angle": 90,
        "upswing": 0.5,
        "animation": "malfu_combat_animation:claw_updown",
        "swing_sound": {
          "id": "cataclysm:deepling_swing",
          "pitch" : 1.2
        }
      },
      {
        "hitbox": "HORIZONTAL_PLANE",
        "angle": 90,
        "upswing": 0.5,
        "animation": "malfu_combat_animation:claw_rl",
        "swing_sound": {
          "id": "cataclysm:deepling_swing"
        }
      },
      {
        "conditions": ["DUAL_WIELDING_SAME_CATEGORY", "MAIN_HAND_ONLY"],
        "hitbox": "HORIZONTAL_PLANE",
        "damage_multiplier": 1.2,
        "angle": 90,
        "upswing": 0.5,
        "animation": "malfu_combat_animation:claw_double_u",
        "swing_sound": {
          "id": "cataclysm:deepling_swing"
        }
      },
      {
        "conditions": ["DUAL_WIELDING_SAME_CATEGORY", "MAIN_HAND_ONLY"],
        "hitbox": "HORIZONTAL_PLANE",
        "damage_multiplier": 1.2,
        "angle": 90,
        "upswing": 0.5,
        "animation": "malfu_combat_animation:claw_double_ii",
        "swing_sound": {
          "id": "cataclysm:deepling_swing",
          "pitch" : 1.2
        }
      },
      {
        "hitbox": "VERTICAL_PLANE",
        "angle": 90,
        "upswing": 0.5,
        "animation": "malfu_combat_animation:claw_updown",
        "swing_sound": {
          "id": "cataclysm:deepling_swing",
          "pitch" : 1.2
        }
      }
    ]
  }
}