{
  "parent": "bettercombat:hammer",
  "attributes": {
    "attack_range": 3.0,
    "pose": "bettercombat:pose_two_handed_heavy",
    "attacks": [
      {
        "hitbox": "VERTICAL_PLANE",
        "damage_multiplier": 1.1,
        "angle": 160,
        "upswing": 0.5,
        "animation": "malfu_combat_animation:greathammer_slam_lr",
        "swing_sound": {
          "id": "bettercombat:hammer_slam",
          "pitch": 0.72
        }
      },
      {
        "hitbox": "VERTICAL_PLANE",
        "damage_multiplier": 1.1,
        "angle": 160,
        "upswing": 0.5,
        "animation": "malfu_combat_animation:greathammer_slam_rl",
        "swing_sound": {
          "id": "bettercombat:hammer_slam",
          "pitch": 0.77
        }
      },
      {
        "hitbox": "VERTICAL_PLANE",
        "damage_multiplier": 1.1,
        "angle": 160,
        "upswing": 0.5,
        "animation": "malfu_combat_animation:greathammer_slam_lr",
        "swing_sound": {
          "id": "bettercombat:hammer_slam",
          "pitch": 0.8
        }
      },
      {
        "hitbox": "VERTICAL_PLANE",
        "damage_multiplier": 1.1,
        "angle": 160,
        "upswing": 0.5,
        "animation": "malfu_combat_animation:greathammer_slam_rl",
        "swing_sound": {
          "id": "bettercombat:hammer_slam",
          "pitch": 0.75
        }
      },
      {
        "hitbox": "HORIZONTAL_PLANE",
        "damage_multiplier": 0.95,
        "angle": 120,
        "upswing": 0.5,
        "animation": "malfu_combat_animation:doubleaxe_hori_lr",
        "swing_sound": {
          "id": "bettercombat:double_axe_swing",
          "pitch": 0.5
        }
      },
      {
        "hitbox": "HORIZONTAL_PLANE",
        "damage_multiplier": 0.95,
        "angle": 120,
        "upswing": 0.5,
        "animation": "malfu_combat_animation:doubleaxe_hori_rl",
        "swing_sound": {
          "id": "bettercombat:double_axe_swing",
          "pitch": 0.5
        }
      }
    ]
  }
}