{
  "attributes": {
    "attack_range": 4,
    "category": "halberd",
    "pose": "simplyswords:pose_halberd",
    "two_handed": true,
    "attacks": [
      {
        "hitbox": "HORIZONTAL_PLANE",
        "damage_multiplier": 1.0,
        "angle": 160,
        "upswing": 0.5,
        "animation": "malfu_combat_animation:halberd_rl",
        "swing_sound": {
          "id": "simplyswords:elemental_sword_holy_attack_01",
          "volume": 0.3,
          "pitch": 0.8
        }
      },
      {
        "hitbox": "FORWARD_BOX",
        "damage_multiplier": 1.1,
        "angle": 0,
        "upswing": 0.5,
        "animation": "malfu_combat_animation:halberd_lr_stab",
        "swing_sound": {
          "id": "simplyswords:elemental_sword_holy_attack_03",
          "volume": 0.3,
          "pitch": 1.8
        }
      },
      {
        "hitbox": "HORIZONTAL_PLANE",
        "damage_multiplier": 1.0,
        "angle": 160,
        "upswing": 0.5,
        "animation": "malfu_combat_animation:halberd_lr",
        "swing_sound": {
          "id": "simplyswords:elemental_sword_holy_attack_01",
          "volume": 0.3,
          "pitch": 0.8
        }
      },
      {
        "hitbox": "FORWARD_BOX",
        "damage_multiplier": 1.1,
        "angle": 0,
        "upswing": 0.5,
        "animation": "malfu_combat_animation:halberd_rl_stab",
        "swing_sound": {
          "id": "simplyswords:elemental_sword_holy_attack_03",
          "volume": 0.3,
          "pitch": 1.8
        }
      },
      {
        "hitbox": "HORIZONTAL_PLANE",
        "damage_multiplier": 1.0,
        "angle": 160,
        "upswing": 0.5,
        "animation": "malfu_combat_animation:halberd_rl",
        "swing_sound": {
          "id": "simplyswords:elemental_sword_holy_attack_01",
          "volume": 0.3,
          "pitch": 0.8
        }
      },
      {
        "hitbox": "HORIZONTAL_PLANE",
        "damage_multiplier": 1.0,
        "angle": 160,
        "upswing": 0.5,
        "animation": "malfu_combat_animation:halberd_lr",
        "swing_sound": {
          "id": "simplyswords:elemental_sword_holy_attack_01",
          "volume": 0.3,
          "pitch": 0.8
        }
      }
    ]
  }
}