{
  "parent": "bettercombat:heavy_axe",
  "attributes" : {
    "pose": "simplyswords:pose_greatsword",
    "attack_range": 3.6,
    "category": "claymore",
    "two_handed": true,
    "attacks": [
      {
        "hitbox": "HORIZONTAL_PLANE",
        "damage_multiplier": 1.0,
        "angle": 150,
        "upswing": 0.5,
        "animation": "malfu_combat_animation:claymore_hori_rl",
        "swing_sound": {
          "id": "simplyswords:dark_sword_attack_03",
          "volume": 0.3,
          "pitch": 0.9
        }
      },
      {
        "hitbox": "HORIZONTAL_PLANE",
        "damage_multiplier": 1.0,
        "angle": 150,
        "upswing": 0.5,
        "animation": "malfu_combat_animation:claymore_hori_lr",
        "swing_sound": {
          "id": "simplyswords:dark_sword_attack_03",
          "volume": 0.3,
          "pitch": 0.9
        }
      },
      {
        "hitbox": "FORWARD_BOX",
        "damage_multiplier": 1.1,
        "angle": 0,
        "upswing": 0.5,
        "animation": "malfu_combat_animation:claymore_stab_rl",
        "swing_sound": {
          "id": "simplyswords:dark_sword_attack_02",
          "volume": 0.4,
          "pitch": 0.9
        }
      },
      {
        "hitbox": "HORIZONTAL_PLANE",
        "damage_multiplier": 1.5,
        "angle": 180,
        "upswing": 0.5,
        "animation": "malfu_combat_animation:claymore_rotate_rl",
        "swing_sound": {
          "id": "simplyswords:dark_sword_attack_01",
          "volume": 0.3,
          "pitch": 0.7
        }
      }
    ]
  }
}





