{
  "attributes": {
    "attack_range": 2.75,
    "category": "rapier",
    "attacks": [
      {
        "hitbox": "HORIZONTAL_PLANE",
        "angle": 90,
        "upswing": 0.5,
        "animation": "malfu_combat_animation:axe_rl",
        "swing_sound": {
          "id": "simplyswords:magic_sword_whoosh_06",
          "volume": 0.3,
          "pitch": 1.2
        }
      },
      {
        "hitbox": "HORIZONTAL_PLANE",
        "angle": 90,
        "upswing": 0.5,
        "animation": "malfu_combat_animation:axe_downup_lr",
        "swing_sound": {
          "id": "simplyswords:magic_sword_whoosh_06",
          "volume": 0.3,
          "pitch": 1.2
        }
      },
      {
        "hitbox": "FORWARD_BOX",
        "damage_multiplier": 1,
        "angle": 0,
        "upswing": 0.5,
        "animation": "malfu_combat_animation:trident_rl_stabup",
        "swing_sound": {
          "id": "simplyswords:magic_sword_whoosh_07",
          "volume": 0.3,
          "pitch": 1.2
        }
      },
      {
        "hitbox": "HORIZONTAL_PLANE",
        "damage_multiplier": 1,
        "angle": 120,
        "upswing": 0.5,
        "animation": "malfu_combat_animation:one_handed_lr",
        "swing_sound": {
          "id": "simplyswords:magic_sword_whoosh_06",
          "volume": 0.3,
          "pitch": 1.2
        }
      },
      {
        "hitbox": "HORIZONTAL_PLANE",
        "angle": 90,
        "upswing": 0.5,
        "animation": "malfu_combat_animation:axe_updown_rl",
        "swing_sound": {
          "id": "simplyswords:magic_sword_whoosh_06",
          "volume": 0.3,
          "pitch": 1.2
        }
      }
    ]
  }
}