{
  "attributes" : {
    "pose": "simplyswords:pose_greatsword",
    "attack_range": 3.5,
    "category": "claymore",
    "two_handed": true,
    "attacks": [
      {
        "hitbox": "HORIZONTAL_PLANE",
        "damage_multiplier": 0.9,
        "angle": 170,
        "upswing": 0.5,
        "animation": "malfu_combat_animation:claymore_lrl",
        "swing_sound": {
          "id": "simplyswords:elemental_sword_fire_attack_03",
          "volume": 0.2,
          "pitch": 1.4
        }
      },
      {
        "hitbox": "HORIZONTAL_PLANE",
        "damage_multiplier": 0.9,
        "angle": 170,
        "upswing": 0.5,
        "animation": "malfu_combat_animation:claymore_rlr",
        "swing_sound": {
          "id": "simplyswords:elemental_sword_fire_attack_03",
          "volume": 0.2,
          "pitch": 1.2
        }
      },
      {
        "hitbox": "HORIZONTAL_PLANE",
        "damage_multiplier": 1.2,
        "angle": 180,
        "upswing": 0.5,
        "animation": "malfu_combat_animation:claymore_rotate_rl",
        "swing_sound": {
          "id": "simplyswords:elemental_sword_fire_attack_02",
          "volume": 0.2,
          "pitch": 1.1
        }
      }
    ]
  }
}





