{
  "attributes" : {
    "pose": "simplyswords:pose_greatsword",
    "attack_range": 3.5,
    "category": "claymore",
    "two_handed": true,
    "attacks": [
      {
        "hitbox": "HORIZONTAL_PLANE",
        "angle": 180,
        "upswing": 0.5,
        "animation": "malfu_combat_animation:greatsword_rl",
        "swing_sound": {
          "id": "simplyswords:elemental_sword_sci-fi_attack_01",
          "volume": 0.2,
          "pitch": 1.4
        }
      },
      {
        "hitbox": "HORIZONTAL_PLANE",
        "angle": 180,
        "upswing": 0.5,
        "animation": "malfu_combat_animation:greatsword_lr",
        "swing_sound": {
          "id": "simplyswords:elemental_sword_sci-fi_attack_02",
          "volume": 0.2,
          "pitch": 1.2
        }
      }
    ]
  }
}