{
  "attributes": {
    "attack_range": 3.5,
    "two_handed": true,
    "category": "scythe",
    "attacks": [
      {
        "hitbox": "HORIZONTAL_PLANE",
        "damage_multiplier": 1.0,
        "angle": 130,
        "upswing": 0.5,
        "animation": "malfu_combat_animation:battlestaff_rl",
        "swing_sound": {
          "id": "bettercombat:scythe_slash",
          "pitch": 1.0
        }
      },
      {
        "hitbox": "HORIZONTAL_PLANE",
        "damage_multiplier": 1.0,
        "angle": 130,
        "upswing": 0.5,
        "animation": "malfu_combat_animation:battlestaff_lr",
        "swing_sound": {
          "id": "bettercombat:scythe_slash",
          "pitch": 0.9
        }
      },
      {
        "hitbox": "HORIZONTAL_PLANE",
        "damage_multiplier": 1.0,
        "angle": 130,
        "upswing": 0.5,
        "animation": "malfu_combat_animation:battlestaff_rl_style",
        "swing_sound": {
          "id": "bettercombat:scythe_slash",
          "pitch": 1.1
        }
      },
      {
        "hitbox": "HORIZONTAL_PLANE",
        "damage_multiplier": 1.0,
        "angle": 130,
        "upswing": 0.5,
        "animation": "malfu_combat_animation:battlestaff_lr",
        "swing_sound": {
          "id": "bettercombat:scythe_slash",
          "pitch": 1.2
        }
      }
    ]
  }
}




