{
  "attributes": {
    "attack_range": 3,
    "two_handed": true,
    "category": "battlestaff",
    "attacks": [
      {
        "hitbox": "HORIZONTAL_PLANE",
        "damage_multiplier": 1,
        "angle": 180,
        "upswing": 0.5,
        "animation": "bettercombat:two_handed_slash_horizontal_right",
        "swing_sound": {
          "id": "simplyswords:elemental_sword_sci-fi_attack_02",
          "volume": 0.3,
          "pitch": 1.4
        }
      },
      {
        "hitbox": "HORIZONTAL_PLANE",
        "damage_multiplier": 1,
        "angle": 180,
        "upswing": 0.5,
        "animation": "bettercombat:two_handed_slash_horizontal_left",
        "swing_sound": {
          "id": "simplyswords:elemental_sword_sci-fi_attack_01",
          "volume": 0.3,
          "pitch": 1.5
        }
      },
      {
        "hitbox": "HORIZONTAL_PLANE",
        "damage_multiplier": 1,
        "angle": 180,
        "upswing": 0.5,
        "animation": "bettercombat:two_handed_slash_horizontal_right",
        "swing_sound": {
          "id": "simplyswords:elemental_sword_sci-fi_attack_02",
          "volume": 0.3,
          "pitch": 1.6
        }
      },
      {
        "hitbox": "HORIZONTAL_PLANE",
        "damage_multiplier": 1,
        "angle": 360,
        "upswing": 0.5,
        "animation": "bettercombat:two_handed_spin",
        "swing_sound": {
          "id": "simplyswords:elemental_sword_sci-fi_attack_03",
          "volume": 0.3,
          "pitch": 1.7
        }
      }
    ]
  }
}