{
  "attributes": {
    "attack_range": 3.4,
    "pose": "malfu_combat_animation:pose_greatsword",
    "two_handed": true,
    "category": "claymore",
    "attacks": [
      {
        "hitbox": "FORWARD_BOX",
        "damage_multiplier": 1.0,
        "angle": 60,
        "upswing": 0.5,
        "animation": "malfu_combat_animation:two_handed_downup_rl",
        "swing_sound": {
          "id": "simplyswords:elemental_sword_earth_attack_01",
          "volume": 0.3,
          "pitch": 1.2
        }
      },
      {
        "hitbox": "FORWARD_BOX",
        "damage_multiplier": 1.4,
        "angle": 60,
        "upswing": 0.5,
        "animation": "malfu_combat_animation:two_handed_slice_lr",
        "swing_sound": {
          "id": "simplyswords:elemental_sword_earth_attack_02",
          "volume": 0.4,
          "pitch": 1
        }
      },
      {
        "hitbox": "FORWARD_BOX",
        "damage_multiplier": 1.0,
        "angle": 60,
        "upswing": 0.5,
        "animation": "malfu_combat_animation:two_handed_slice_rl",
        "swing_sound": {
          "id": "simplyswords:elemental_sword_earth_attack_01",
          "volume": 0.3,
          "pitch": 1.2
        }
      },
      {
        "hitbox": "FORWARD_BOX",
        "damage_multiplier": 1.4,
        "angle": 60,
        "upswing": 0.5,
        "animation": "malfu_combat_animation:two_handed_slice_lr",
        "swing_sound": {
          "id": "simplyswords:elemental_sword_earth_attack_02",
          "volume": 0.4,
          "pitch": 1
        }
      }
    ]
  }
}