{
  "attributes": {
    "attack_range": 3.25,
    "pose": "malfu_combat_animation:polearm_back_pose",
    "two_handed": true,
    "category": "glaive",
    "attacks": [
      {
        "hitbox": "HORIZONTAL_PLANE",
        "damage_multiplier": 1.0,
        "angle": 160,
        "upswing": 0.5,
        "animation": "malfu_combat_animation:glaive_lr",
        "swing_sound": {
          "id": "simplyswords:elemental_sword_fire_attack_01",
          "volume": 0.3,
          "pitch": 1.8
        }
      },
      {
        "hitbox": "HORIZONTAL_PLANE",
        "damage_multiplier": 1.0,
        "angle": 160,
        "upswing": 0.5,
        "animation": "malfu_combat_animation:glaive_rl",
        "swing_sound": {
          "id": "simplyswords:elemental_sword_fire_attack_01",
          "volume": 0.3,
          "pitch": 1.9
        }
      },
      {
        "hitbox": "HORIZONTAL_PLANE",
        "damage_multiplier": 1.0,
        "angle": 160,
        "upswing": 0.5,
        "animation": "malfu_combat_animation:glaive_lr",
        "swing_sound": {
          "id": "simplyswords:elemental_sword_fire_attack_01",
          "volume": 0.3,
          "pitch": 2.0
        }
      },
      {
        "hitbox": "HORIZONTAL_PLANE",
        "damage_multiplier": 1.0,
        "angle": 160,
        "upswing": 0.5,
        "animation": "malfu_combat_animation:glaive_downup_rl",
        "swing_sound": {
          "id": "simplyswords:elemental_sword_fire_attack_01",
          "volume": 0.3,
          "pitch": 2.1
        }
      },
      {
        "hitbox": "HORIZONTAL_PLANE",
        "damage_multiplier": 1.0,
        "angle": 160,
        "upswing": 0.5,
        "animation": "malfu_combat_animation:glaive_downup_lr",
        "swing_sound": {
          "id": "simplyswords:elemental_sword_fire_attack_01",
          "volume": 0.3,
          "pitch": 2.2
        }
      }
    ]
  }
}