{
  "attributes": {
    "attack_range": 2.7,
    "category": "mace",
    "attacks": [
      {
        "hitbox": "HORIZONTAL_PLANE",
        "damage_multiplier": 1.0,
        "angle": 100,
        "upswing": 0.5,
        "animation": "malfu_combat_animation:one_handed_heavy_up_lr",
        "swing_sound": {
          "id": "simplyswords:elemental_sword_ice_attack_01",
          "volume": 0.3,
          "pitch": 1.1
        }
      },
      {
        "hitbox": "HORIZONTAL_PLANE",
        "damage_multiplier": 1.0,
        "angle": 100,
        "upswing": 0.5,
        "animation": "malfu_combat_animation:one_handed_heavy_up_rl",
        "swing_sound": {
          "id": "simplyswords:elemental_sword_ice_attack_01",
          "volume": 0.3,
          "pitch": 1.3
        }
      },
      {
        "hitbox": "VERTICAL_PLANE",
        "damage_multiplier": 1.6,
        "angle": 90,
        "upswing": 0.5,
        "animation": "bettercombat:one_handed_slam",
        "swing_sound": {
          "id": "simplyswords:elemental_bow_ice_shoot_impact_02",
          "volume": 0.3,
          "pitch": 1.2
        }
      }
    ]
  }
}