{
  "attributes" : {
    "attack_range": 3.5,
    "pose": "malfu_combat_animation:pose_greathammer",
    "category": "greathammer",
    "two_handed": true,
    "attacks": [
      {
        "hitbox": "HORIZONTAL_PLANE",
        "damage_multiplier": 1.0,
        "angle": 120,
        "upswing": 0.5,
        "animation": "malfu_combat_animation:greataxe_rl",
        "swing_sound": {
          "id": "simplyswords:elemental_sword_fire_attack_03",
          "volume": 0.3,
          "pitch": 1
        }
      },
      {
        "hitbox": "HORIZONTAL_PLANE",
        "damage_multiplier": 1.0,
        "angle": 120,
        "upswing": 0.5,
        "animation": "malfu_combat_animation:greataxe_lr",
        "swing_sound": {
          "id": "simplyswords:elemental_sword_fire_attack_03",
          "volume": 0.3,
          "pitch": 1
        }
      },
      {
        "hitbox": "VERTICAL_PLANE",
        "damage_multiplier": 1.0,
        "angle": 120,
        "upswing": 0.5,
        "animation": "malfu_combat_animation:greathammer_slam_lr",
        "swing_sound": {
          "id": "simplyswords:elemental_sword_earth_attack_01",
          "volume": 0.3,
          "pitch": 1
        }
      },
      {
        "hitbox": "VERTICAL_PLANE",
        "damage_multiplier": 1.0,
        "angle": 120,
        "upswing": 0.5,
        "animation": "malfu_combat_animation:greathammer_slam_rl",
        "swing_sound": {
          "id": "simplyswords:elemental_sword_earth_attack_01",
          "volume": 0.3,
          "pitch": 1
        }
      }
    ]
  }
}





