{
  "parent": "bettercombat:heavy_axe",
  "attributes" : {
    "attack_range": 3.5,
    "pose": "bettercombat:pose_two_handed_heavy",
    "category": "greathammer",
    "two_handed": true,
    "attacks": [
      {
        "hitbox": "HORIZONTAL_PLANE",
        "damage_multiplier": 1.0,
        "angle": 120,
        "upswing": 0.5,
        "animation": "malfu_combat_animation:halberd_rl",
        "swing_sound": {
          "id": "simplyswords:elemental_sword_wind_attack_03",
          "volume": 0.3,
          "pitch": 1.2
        }
      },
      {
        "hitbox": "HORIZONTAL_PLANE",
        "damage_multiplier": 1.0,
        "angle": 120,
        "upswing": 0.5,
        "animation": "malfu_combat_animation:halberd_lr",
        "swing_sound": {
          "id": "simplyswords:elemental_sword_wind_attack_03",
          "volume": 0.3,
          "pitch": 1.3
        }
      },
      {
        "hitbox": "HORIZONTAL_PLANE",
        "damage_multiplier": 1.0,
        "angle": 120,
        "upswing": 0.5,
        "animation": "malfu_combat_animation:greathammer_slamslash_rl",
        "swing_sound": {
          "id": "simplyswords:elemental_sword_earth_attack_02",
          "volume": 0.4,
          "pitch": 1.1
        }
      },
      {
        "hitbox": "HORIZONTAL_PLANE",
        "damage_multiplier": 1.0,
        "angle": 120,
        "upswing": 0.5,
        "animation": "malfu_combat_animation:greathammer_slamslash_lr",
        "swing_sound": {
          "id": "simplyswords:elemental_sword_earth_attack_02",
          "volume": 0.4,
          "pitch": 1
        }
      }
    ]
  }
}





