{
  "parent": "bettercombat:scythe",
  "attributes" : {
    "attack_range": 3.5,
    "two_handed": true,
    "category": "scythe",
    "attacks": [
      {
        "hitbox": "HORIZONTAL_PLANE",
        "damage_multiplier": 1.0,
        "angle": 120,
        "upswing": 0.5,
        "animation": "malfu_combat_animation:greataxe_rl",
        "swing_sound": {
          "id": "simplyswords:elemental_sword_sci-fi_attack_01",
          "volume": 0.3,
          "pitch": 1.4
        }
      },
      {
        "hitbox": "HORIZONTAL_PLANE",
        "damage_multiplier": 1.0,
        "angle": 120,
        "upswing": 0.5,
        "animation": "malfu_combat_animation:greataxe_lr",
        "swing_sound": {
          "id": "simplyswords:elemental_sword_sci-fi_attack_01",
          "volume": 0.3,
          "pitch": 1.5
        }
      },
      {
        "hitbox": "HORIZONTAL_PLANE",
        "damage_multiplier": 1.0,
        "angle": 160,
        "upswing": 0.5,
        "animation": "malfu_combat_animation:glaive_downup_rl",
        "swing_sound": {
          "id": "simplyswords:elemental_sword_sci-fi_attack_02",
          "volume": 0.3,
          "pitch": 1.5
        }
      },
      {
        "hitbox": "HORIZONTAL_PLANE",
        "damage_multiplier": 1.0,
        "angle": 160,
        "upswing": 0.5,
        "animation": "malfu_combat_animation:glaive_downup_lr",
        "swing_sound": {
          "id": "simplyswords:elemental_sword_sci-fi_attack_02",
          "volume": 0.3,
          "pitch": 1.6
        }
      }
    ]
  }
}





