{
  "attributes": {
    "attack_range": 2.7,
    "category": "sickle",
    "attacks": [
      {
        "hitbox": "HORIZONTAL_PLANE",
        "angle": 90,
        "upswing": 0.5,
        "animation": "malfu_combat_animation:axe_rl",
        "swing_sound": {
          "id": "simplyswords:elemental_sword_fire_attack_02",
          "volume": 0.2,
          "pitch": 1.5
        }
      },
      {
        "hitbox": "HORIZONTAL_PLANE",
        "conditions": ["MAIN_HAND_ONLY"],
        "angle": 90,
        "upswing": 0.5,
        "animation": "malfu_combat_animation:axe_downup_lr",
        "swing_sound": {
          "id": "simplyswords:elemental_sword_fire_attack_02",
          "volume": 0.2,
          "pitch": 1.4
        }
      },
      {
        "hitbox": "HORIZONTAL_PLANE",
        "angle": 90,
        "upswing": 0.5,
        "animation": "malfu_combat_animation:axe_updown_rl",
        "swing_sound": {
          "id": "simplyswords:elemental_sword_fire_attack_02",
          "volume": 0.2,
          "pitch": 1.45
        }
      },
      {
        "conditions": ["DUAL_WIELDING_SAME_CATEGORY", "MAIN_HAND_ONLY"],
        "hitbox": "VERTICAL_PLANE",
        "damage_multiplier": 1.4,
        "angle": 150,
        "upswing": 0.5,
        "animation": "malfu_combat_animation:axe_double_updown",
        "swing_sound": {
          "id": "simplyswords:elemental_sword_fire_attack_01",
          "volume": 0.2,
          "pitch": 1.7
        }
      }
    ]
  }
}