{
  "attributes": {
    "attack_range": 2.5,
    "category": "cutlass",
    "attacks": [
      {
        "hitbox": "HORIZONTAL_PLANE",
        "damage_multiplier": 1,
        "angle": 100,
        "upswing": 0.5,
        "animation": "malfu_combat_animation:cutlass_rl",
        "swing_sound": {
          "id": "bettercombat:sword_slash"
        }
      },
      {
        "hitbox": "HORIZONTAL_PLANE",
        "damage_multiplier": 1,
        "angle": 100,
        "upswing": 0.5,
        "animation": "malfu_combat_animation:cutlass_lr",
        "swing_sound": {
          "id": "bettercombat:sword_slash"
        }
      },
      {
        "hitbox": "HORIZONTAL_PLANE",
        "damage_multiplier": 1,
        "angle": 100,
        "upswing": 0.5,
        "animation": "malfu_combat_animation:cutlass_rl_hori",
        "swing_sound": {
          "id": "bettercombat:sword_slash"
        }
      },
      {
        "hitbox": "HORIZONTAL_PLANE",
        "damage_multiplier": 1,
        "angle": 100,
        "upswing": 0.5,
        "animation": "malfu_combat_animation:cutlass_lr_hori",
        "swing_sound": {
          "id": "bettercombat:sword_slash"
        }
      },
      {
        "hitbox": "HORIZONTAL_PLANE",
        "damage_multiplier": 1,
        "angle": 100,
        "upswing": 0.5,
        "animation": "malfu_combat_animation:cutlass_rl",
        "swing_sound": {
          "id": "bettercombat:sword_slash"
        }
      },
      {
        "hitbox": "HORIZONTAL_PLANE",
        "damage_multiplier": 1,
        "angle": 100,
        "upswing": 0.5,
        "animation": "malfu_combat_animation:cutlass_lr",
        "swing_sound": {
          "id": "bettercombat:sword_slash"
        }
      }
    ]
  }
}