{
  "attributes": {
    "attack_range": 2.5,
    "two_handed": true,
    "category": "double_axe",
    "attacks": [
      {
        "hitbox": "HORIZONTAL_PLANE",
        "damage_multiplier": 1,
        "angle": 120,
        "upswing": 0.5,
        "animation": "malfu_combat_animation:doubleaxe_updown_lr",
        "swing_sound": {
          "id": "bettercombat:double_axe_swing"
        }
      },
      {
        "hitbox": "HORIZONTAL_PLANE",
        "damage_multiplier": 1,
        "angle": 120,
        "upswing": 0.5,
        "animation": "malfu_combat_animation:doubleaxe_updown_rl",
        "swing_sound": {
          "id": "bettercombat:double_axe_swing"
        }
      },
      {
        "hitbox": "HORIZONTAL_PLANE",
        "damage_multiplier": 1,
        "angle": 120,
        "upswing": 0.5,
        "animation": "malfu_combat_animation:doubleaxe_hori_lr",
        "swing_sound": {
          "id": "bettercombat:double_axe_swing"
        }
      },
      {
        "hitbox": "HORIZONTAL_PLANE",
        "damage_multiplier": 1,
        "angle": 120,
        "upswing": 0.5,
        "animation": "malfu_combat_animation:doubleaxe_hori_rl",
        "swing_sound": {
          "id": "bettercombat:double_axe_swing"
        }
      },
      {
        "hitbox": "HORIZONTAL_PLANE",
        "damage_multiplier": 1,
        "angle": 180,
        "upswing": 0.5,
        "animation": "malfu_combat_animation:doubleaxe_hori_lr",
        "swing_sound": {
          "id": "bettercombat:double_axe_swing"
        }
      },
      {
        "hitbox": "HORIZONTAL_PLANE",
        "damage_multiplier": 1.1,
        "angle": 180,
        "upswing": 0.5,
        "animation": "malfu_combat_animation:doubleaxe_lrl",
        "swing_sound": {
          "id": "bettercombat:double_axe_swing"
        }
      },
      {
        "hitbox": "HORIZONTAL_PLANE",
        "damage_multiplier": 1.1,
        "angle": 180,
        "upswing": 0.5,
        "animation": "malfu_combat_animation:doubleaxe_lrl",
        "swing_sound": {
          "id": "bettercombat:double_axe_swing"
        }
      }
    ]
  }
}