{
  "attributes": {
    "attack_range": 2.5,
    "two_handed": true,
    "pose": "bettercombat:pose_two_handed_sword",
    "category": "soul_knife",
    "attacks": [
      {
        "hitbox": "FORWARD_BOX",
        "damage_multiplier": 1,
        "angle": 0,
        "upswing": 0.5,
        "animation": "malfu_combat_animation:trident_lr_stab",
        "swing_sound": {
          "id": "bettercombat:staff_slash",
          "pitch": 1.5
        }
      },
      {
        "hitbox": "FORWARD_BOX",
        "damage_multiplier": 1.0,
        "angle": 0,
        "upswing": 0.5,
        "animation": "malfu_combat_animation:dagger_rl_stab",
        "swing_sound": {
          "id": "bettercombat:dagger_slash"
        }
      },
      {
        "hitbox": "FORWARD_BOX",
        "damage_multiplier": 1.0,
        "angle": 0,
        "upswing": 0.5,
        "animation": "malfu_combat_animation:dagger_lr_stab",
        "swing_sound": {
          "id": "bettercombat:dagger_slash"
        }
      },
      {
        "hitbox": "FORWARD_BOX",
        "damage_multiplier": 1,
        "angle": 0,
        "upswing": 0.5,
        "animation": "malfu_combat_animation:trident_rl_stab",
        "swing_sound": {
          "id": "bettercombat:staff_slash",
          "pitch": 1.5
        }
      }
    ]
  }
}