{
  "attributes" : {
    "attack_range": 2.75,
    "pose": "malfu_combat_animation:pose_greataxe",
    "category": "greataxe",
    "two_handed": true,
    "attacks": [
      {
        "hitbox": "HORIZONTAL_PLANE",
        "damage_multiplier": 1.0,
        "angle": 120,
        "upswing": 0.5,
        "animation": "malfu_combat_animation:halberd_rl",
        "swing_sound": {
          "id": "bettercombat:double_axe_swing",
          "pitch": 0.92
        }
      },
      {
        "hitbox": "HORIZONTAL_PLANE",
        "damage_multiplier": 1.0,
        "angle": 120,
        "upswing": 0.5,
        "animation": "malfu_combat_animation:halberd_lr",
        "swing_sound": {
          "id": "bettercombat:double_axe_swing",
          "pitch": 0.90
        }
      },
      {
        "hitbox": "HORIZONTAL_PLANE",
        "damage_multiplier": 1.0,
        "angle": 120,
        "upswing": 0.5,
        "animation": "malfu_combat_animation:greataxe_rl",
        "swing_sound": {
          "id": "bettercombat:double_axe_swing",
          "pitch": 0.92
        }
      },
      {
        "hitbox": "HORIZONTAL_PLANE",
        "damage_multiplier": 1.0,
        "angle": 120,
        "upswing": 0.5,
        "animation": "malfu_combat_animation:greataxe_lr",
        "swing_sound": {
          "id": "bettercombat:double_axe_swing",
          "pitch": 0.90
        }
      },
      {
        "hitbox": "HORIZONTAL_PLANE",
        "damage_multiplier": 1,
        "angle": 360,
        "upswing": 0.5,
        "animation": "bettercombat:two_handed_spin",
        "swing_sound": {
          "id": "bettercombat:double_axe_swing",
          "pitch": 0.95
        }
      }
    ]
  }
}





