{
  "attributes": {
    "attack_range": 4.5,
    "category": "greatsword",
    "pose": "malfu_combat_animation:pose_greatsword",
    "two_handed": true,
    "attacks": [
      {
        "hitbox": "HORIZONTAL_PLANE",
        "angle": 200,
        "upswing": 0.5,
        "animation": "malfu_combat_animation:greatsword_rl",
        "swing_sound": {
          "id": "bettercombat:scythe_slash",
          "pitch": 0.3
        }
      },
      {
        "hitbox": "HORIZONTAL_PLANE",
        "angle": 200,
        "upswing": 0.5,
        "animation": "malfu_combat_animation:greatsword_lr",
        "swing_sound": {
          "id": "bettercombat:scythe_slash",
          "pitch": 0.35
        }
      }
    ]
  }
}