{
  "attributes": {
    "attack_range": 2.75,
    "pose": "malfu_combat_animation:pose_greathammer",
    "two_handed": true,
    "category": "greathammer",
    "attacks": [
      {
        "hitbox": "HORIZONTAL_PLANE",
        "damage_multiplier": 1.0,
        "angle": 120,
        "upswing": 0.5,
        "animation": "malfu_combat_animation:greathammer_slamslash_rl",
        "swing_sound": {
          "id": "bettercombat:hammer_slam",
          "pitch": 1
        }
      },
      {
        "hitbox": "HORIZONTAL_PLANE",
        "damage_multiplier": 1.0,
        "angle": 120,
        "upswing": 0.5,
        "animation": "malfu_combat_animation:greathammer_slamslash_lr",
        "swing_sound": {
          "id": "bettercombat:hammer_slam",
          "pitch": 1
        }
      },
      {
        "hitbox": "VERTICAL_PLANE",
        "damage_multiplier": 1.0,
        "angle": 120,
        "upswing": 0.5,
        "animation": "malfu_combat_animation:greathammer_slam_lr",
        "swing_sound": {
          "id": "bettercombat:hammer_slam",
          "pitch": 1
        }
      },
      {
        "hitbox": "VERTICAL_PLANE",
        "damage_multiplier": 1.0,
        "angle": 120,
        "upswing": 0.5,
        "animation": "malfu_combat_animation:greathammer_slam_rl",
        "swing_sound": {
          "id": "bettercombat:hammer_slam",
          "pitch": 1
        }
      }
    ]
  }
}